Date,sulfate,nitrate,ID
01/01/2003,-5.919738152,3.176817214,1
02/01/2003,-2.936197646,1.740003905,2
03/01/2003,-1.455734677,10.29707487,3
04/01/2003,-7.037063379,8.987303949,4
05/01/2003,NA,8.643081186,1
06/01/2003,16.50340638,12.44865726,2
07/01/2003,-3.997218413,4.77626847,3
08/01/2003,-7.966733814,10.31963913,4
09/01/2003,7.143725132,0.156918955,1
10/01/2003,2.036973238,4.212635385,2
11/01/2003,-13.22290515,3.964667172,3
12/01/2003,0.476919006,9.809000946,4
13/01/2003,-2.141828659,0.021836546,1
14/01/2003,8.067461033,9.779062103,2
15/01/2003,11.62802197,12.16873592,3
16/01/2003,-5.309636994,10.62303126,4
17/01/2003,-1.805109578,NA,1
18/01/2003,18.34970436,11.83590687,2
19/01/2003,-1.665799936,11.33892181,3
20/01/2003,-0.711112054,4.210196449,4
21/01/2003,0.07454852,5.45149343,1
22/01/2003,6.289678971,9.211492797,2
23/01/2003,0.918528863,12.41005695,3
24/01/2003,9.441757698,6.822215373,4
25/01/2003,-5.69946004,2.332934935,1
26/01/2003,-4.19604584,0.988829083,2
27/01/2003,-1.46842377,10.10712138,3
28/01/2003,-0.570523495,5.162330171,4
29/01/2003,-12.7201423,6.269772769,1
30/01/2003,7.061865578,6.795985211,2
31/01/2003,1.580999403,9.695299224,3
01/02/2003,-13.95035611,2.521978822,4
02/02/2003,-5.660836487,1.170722391,1
03/02/2003,-19.13377628,10.39516352,2
04/02/2003,1.197758098,12.49054411,3
05/02/2003,10.46065802,10.62780666,4
06/02/2003,-6.113696999,7.828329068,1
07/02/2003,-3.398176034,11.93200189,2
08/02/2003,-4.96549009,3.917651011,3
09/02/2003,5.952884173,12.42589088,4
10/02/2003,-3.936203404,1.489749079,1
11/02/2003,24.5590482,5.149643591,2
12/02/2003,-4.595933431,0.804374936,3
13/02/2003,8.995049344,6.296434256,4
14/02/2003,9.197622808,0.438440581,1
15/02/2003,-5.385524641,9.402098767,2
16/02/2003,NA,0.543194641,3
17/02/2003,-7.798789151,NA,4
18/02/2003,-0.718360738,6.525358882,1
19/02/2003,3.834134891,12.08773204,2
20/02/2003,8.575818019,10.99252698,3
21/02/2003,1.559925274,5.738762412,4
22/02/2003,-10.34305183,8.074481811,1
23/02/2003,8.739267583,6.680814025,2
24/02/2003,-3.412860283,0.33742474,3
25/02/2003,3.360846717,2.959171568,4
26/02/2003,18.84810706,6.757234075,1
27/02/2003,4.94770902,11.6232218,2
28/02/2003,9.354263704,11.80500021,3
01/03/2003,12.51327918,4.732381978,4
02/03/2003,-13.22186062,10.68763956,1
03/03/2003,-8.087289541,6.916232783,2
04/03/2003,1.515908242,12.23763299,3
05/03/2003,10.11988891,8.385953119,4
06/03/2003,-2.435795251,8.381950054,1
07/03/2003,8.13043736,12.02072781,2
08/03/2003,-6.857398456,0.006350923,3
09/03/2003,7.220043749,11.44859457,4
10/03/2003,9.086287214,9.35705006,1
11/03/2003,8.503070298,10.32831186,2
12/03/2003,13.2184685,7.392318961,3
13/03/2003,-2.29921921,4.493091363,4
14/03/2003,1.732796427,0.542330488,1
15/03/2003,3.183495685,7.621651815,2
16/03/2003,-1.176687407,5.663516096,3
17/03/2003,9.932821619,11.59250904,4
18/03/2003,1.135111732,3.173002234,1
19/03/2003,-2.197576506,7.489987963,2
20/03/2003,0.624362048,4.158241608,3
21/03/2003,-5.431310919,4.040500373,4
22/03/2003,24.98892167,8.618145257,1
23/03/2003,-13.09800329,11.95992988,2
24/03/2003,-5.651799218,3.503681468,3
25/03/2003,-10.0414315,9.847536085,4
26/03/2003,4.340869246,3.253930552,1
27/03/2003,-9.538463476,10.67438062,2
28/03/2003,0.356923004,0.918273446,3
29/03/2003,-8.018108445,9.023326823,4
30/03/2003,4.328019544,7.190172822,1
31/03/2003,10.15766284,1.732761933,2
01/04/2003,14.9546017,8.971017449,3
02/04/2003,4.153752983,5.365665608,4
03/04/2003,-9.106808807,9.060497318,1
04/04/2003,-2.410425681,5.771646943,2
05/04/2003,-5.210170738,11.16761538,3
06/04/2003,4.875743814,12.30597497,4
07/04/2003,13.52832883,0.113937488,1
08/04/2003,3.887468558,4.944669922,2
09/04/2003,-2.302960187,6.492638281,3
10/04/2003,4.567277532,3.241854558,4
11/04/2003,0.265871011,1.151822523,1
12/04/2003,1.047086041,1.068440537,2
13/04/2003,10.21533347,9.217634853,3
14/04/2003,18.5961292,2.882154176,4
15/04/2003,0.24145186,6.728424566,1
16/04/2003,-2.664050301,6.51141366,2
17/04/2003,NA,1.803840921,3
18/04/2003,0.35150599,3.737467136,4
19/04/2003,-8.799575545,4.463945798,1
20/04/2003,-9.270220364,11.88190947,2
21/04/2003,-7.922063039,11.63387342,3
22/04/2003,12.47456608,3.800473631,4
23/04/2003,4.808133305,3.720384054,1
24/04/2003,1.046550477,3.077371113,2
25/04/2003,11.54855475,0.534726042,3
26/04/2003,1.749209043,1.957815154,4
27/04/2003,12.78943194,10.90386999,1
28/04/2003,-1.079403271,NA,2
29/04/2003,0.73926384,NA,3
30/04/2003,17.64815246,10.49632468,4
01/05/2003,-12.05005356,3.439199168,1
02/05/2003,5.424903376,1.042056677,2
03/05/2003,1.761926717,12.02950136,3
04/05/2003,4.060606776,1.275785853,4
05/05/2003,9.212856994,5.490691664,1
06/05/2003,9.190159264,10.3790307,2
07/05/2003,2.986365168,1.28180352,3
08/05/2003,13.90819352,12.14043374,4
09/05/2003,-2.357502725,4.804302659,1
10/05/2003,4.793732839,2.67323762,2
11/05/2003,-1.870595575,7.594854001,3
12/05/2003,-11.18906066,0.621409757,4
13/05/2003,2.506343536,9.020746082,1
14/05/2003,8.576555659,6.953114644,2
15/05/2003,2.478156669,8.221647418,3
16/05/2003,-8.759796732,11.55412376,4
17/05/2003,-1.184433466,11.28132078,1
18/05/2003,3.412616776,2.773256265,2
19/05/2003,10.71561609,7.480149816,3
20/05/2003,-8.882517642,1.475064614,4
21/05/2003,16.98615351,8.821394463,1
22/05/2003,-9.554655911,11.65688784,2
23/05/2003,-3.378153819,10.72030576,3
24/05/2003,0.85086734,4.056614796,4
25/05/2003,7.009630935,5.48953189,1
26/05/2003,3.446424486,3.372544341,2
27/05/2003,-20.47229806,2.710978127,3
28/05/2003,7.506055309,6.406721269,4
29/05/2003,0.797154485,NA,1
30/05/2003,-0.379816297,5.319695894,2
31/05/2003,4.738385216,1.153754359,3
01/06/2003,18.62580758,8.574678539,4
02/06/2003,9.524659328,6.575698705,1
03/06/2003,-0.03897759,11.19308149,2
04/06/2003,0.761284775,8.76389686,3
05/06/2003,2.26283516,2.340579021,4
06/06/2003,-8.812825437,1.866131969,1
07/06/2003,3.383349831,0.642853261,2
08/06/2003,-2.981928172,2.432530648,3
09/06/2003,-0.454545963,11.29864085,4
10/06/2003,6.887036794,1.693082506,1
11/06/2003,3.244227361,12.45392986,2
12/06/2003,-1.874119248,6.120940236,3
13/06/2003,8.606541598,4.677140154,4
14/06/2003,6.781739727,11.65945888,1
15/06/2003,5.772085129,10.45287063,2
16/06/2003,12.6071941,3.332854874,3
17/06/2003,-2.141274027,5.95489559,4
18/06/2003,-11.38925726,3.349962496,1
19/06/2003,7.437291502,1.535050208,2
20/06/2003,15.71689714,6.197202156,3
21/06/2003,6.707227089,6.087293566,4
22/06/2003,-0.356803735,2.082974512,1
23/06/2003,10.82857143,10.64644389,2
24/06/2003,-9.659724301,10.68849701,3
25/06/2003,9.38986701,10.09097986,4
26/06/2003,6.485716984,4.824221215,1
27/06/2003,-2.015703948,8.383506625,2
28/06/2003,5.172558513,11.01794625,3
29/06/2003,-0.796321746,7.185604644,4
30/06/2003,13.9543134,9.345002756,1
01/07/2003,8.793472963,8.626392619,2
02/07/2003,5.704295885,9.951517962,3
03/07/2003,26.23368878,6.987165802,4
04/07/2003,9.417047403,0.87983016,1
05/07/2003,0.160232533,4.126260286,2
06/07/2003,2.656418917,0.587117731,3
07/07/2003,6.82803141,9.994782803,4
08/07/2003,2.046814061,6.62245435,1
09/07/2003,-6.875988877,8.374591044,2
10/07/2003,10.16145223,4.554732417,3
11/07/2003,5.935616169,12.43565922,4
12/07/2003,5.818207998,4.64521612,1
13/07/2003,1.763636644,7.55372419,2
14/07/2003,-10.54637961,5.810142328,3
15/07/2003,-2.299875364,7.222428123,4
16/07/2003,-3.999388122,11.95760817,1
17/07/2003,13.57475035,11.48262739,2
18/07/2003,8.537376353,4.074707785,3
19/07/2003,21.65079429,1.281919677,4
20/07/2003,4.548266634,3.395408793,1
21/07/2003,-2.087596323,10.53655755,2
22/07/2003,6.309138926,11.99431822,3
23/07/2003,8.832554226,1.426927131,4
24/07/2003,0.168630271,7.444364346,1
25/07/2003,2.269512284,10.79402639,2
26/07/2003,-4.282582064,7.536524787,3
27/07/2003,-3.368816681,8.849927844,4
28/07/2003,-10.69325731,1.235329105,1
29/07/2003,-2.540062943,8.747450188,2
30/07/2003,-3.280167985,9.780274324,3
31/07/2003,-4.506674245,0.495445873,4
01/08/2003,8.238782449,11.11591873,1
02/08/2003,-7.297218436,1.568196152,2
03/08/2003,16.1522298,9.645335564,3
04/08/2003,2.07858237,12.34142424,4
05/08/2003,-8.399195299,1.583287258,1
06/08/2003,-3.52940874,6.266898988,2
07/08/2003,15.19856785,11.72051569,3
08/08/2003,5.857928665,0.60724759,4
09/08/2003,6.13667588,4.844118757,1
10/08/2003,-11.75589612,5.305285555,2
11/08/2003,1.995503038,12.23085924,3
12/08/2003,29.36704712,4.678165097,4
13/08/2003,0.915510394,8.588607674,1
14/08/2003,-7.638753168,12.22034944,2
15/08/2003,4.289808277,8.366674083,3
16/08/2003,4.626612561,6.451027761,4
17/08/2003,-5.04434671,12.36741192,1
18/08/2003,4.592239467,12.28815623,2
19/08/2003,-0.675773863,11.21473927,3
20/08/2003,19.30891813,8.024835679,4
21/08/2003,NA,8.570242128,1
22/08/2003,5.45414199,1.610590209,2
23/08/2003,-7.606080969,2.731326318,3
24/08/2003,-9.234909714,7.747714015,4
25/08/2003,-4.831389621,10.3271355,1
26/08/2003,-3.946026449,4.184056605,2
27/08/2003,8.096954114,9.85395675,3
28/08/2003,-15.29938947,9.796237223,4
29/08/2003,-0.55455329,3.844593111,1
30/08/2003,3.801575776,7.352226181,2
31/08/2003,-7.542192694,5.227770035,3
01/09/2003,-4.610724072,4.777204948,4
02/09/2003,-1.365834612,4.953778088,1
03/09/2003,-0.874420677,12.27125455,2
04/09/2003,-5.411250266,0.633913089,3
05/09/2003,11.67633006,1.551976956,4
06/09/2003,-8.685308406,9.502661755,1
07/09/2003,2.899448296,1.338277959,2
08/09/2003,10.25827477,0.863933245,3
09/09/2003,9.452964138,2.891881175,4
10/09/2003,5.862823112,8.034330738,1
11/09/2003,10.67978446,4.74081716,2
12/09/2003,-8.542063084,0.77147547,3
13/09/2003,-3.264874313,1.536043837,4
14/09/2003,3.541309913,10.50668955,1
15/09/2003,-2.459208229,9.768611857,2
16/09/2003,11.83759431,10.05130184,3
17/09/2003,3.600215633,3.111485958,4
18/09/2003,21.3374301,12.26326901,1
19/09/2003,9.363613229,5.223232171,2
20/09/2003,-7.6733273,1.490738558,3
21/09/2003,10.37544339,2.689818,4
22/09/2003,1.04731222,10.5018505,1
23/09/2003,-14.77324177,9.400157618,2
24/09/2003,1.136818415,5.246183265,3
25/09/2003,2.295689721,10.66250788,4
26/09/2003,3.02167887,7.406447407,1
27/09/2003,23.21663375,7.076953794,2
28/09/2003,0.877435612,4.293117521,3
29/09/2003,-0.174815452,10.0851039,4
30/09/2003,-6.779702156,8.360966707,1
01/10/2003,-11.78817082,3.624422709,2
02/10/2003,-2.208566398,1.68510621,3
03/10/2003,2.706729614,4.540813709,4
04/10/2003,-8.671996279,2.32119417,1
05/10/2003,8.991759682,8.399806977,2
06/10/2003,1.475288094,10.04492104,3
07/10/2003,0.006389974,9.209273337,4
08/10/2003,-4.468483094,0.02466671,1
09/10/2003,-2.741509464,0.801164236,2
10/10/2003,0.5826079,4.965299937,3
11/10/2003,-19.33013451,11.06249366,4
12/10/2003,10.62654987,4.155654842,1
13/10/2003,6.849397308,3.395795471,2
14/10/2003,-14.0040893,9.769856049,3
15/10/2003,-5.587727969,5.147433954,4
16/10/2003,-4.736831878,8.432845854,1
17/10/2003,0.963450818,6.208579912,2
18/10/2003,-8.08932267,1.111012399,3
19/10/2003,19.1862193,1.324398377,4
20/10/2003,4.106079744,11.77647829,1
21/10/2003,-0.761256543,9.739014838,2
22/10/2003,20.90832274,10.80884066,3
23/10/2003,-10.6640886,5.310597146,4
24/10/2003,3.503894029,11.69802919,1
25/10/2003,20.77052976,6.669627552,2
26/10/2003,-16.87263083,2.091064589,3
27/10/2003,13.32759458,4.260144814,4
28/10/2003,24.74308106,12.29055156,1
29/10/2003,13.27470388,8.671035851,2
30/10/2003,5.720061566,11.20813229,3
31/10/2003,10.8339024,8.275100189,4
01/11/2003,-13.00617544,11.08547917,1
02/11/2003,-1.746917401,10.70225651,2
03/11/2003,4.823725648,1.430793757,3
04/11/2003,-12.46323704,3.228068892,4
05/11/2003,6.340036398,5.981946915,1
06/11/2003,-2.117253826,11.42242603,2
07/11/2003,13.07392876,7.269586574,3
08/11/2003,3.339210675,6.525314431,4
09/11/2003,7.26216356,1.082543568,1
10/11/2003,11.0341068,0.829969076,2
11/11/2003,1.706468422,5.315091895,3
12/11/2003,0.296542285,3.05798815,4
13/11/2003,-7.623946848,9.886840921,1
14/11/2003,-3.274409957,9.038379486,2
15/11/2003,7.873856648,7.888317839,3
16/11/2003,5.060325076,1.712382242,4
17/11/2003,14.20556997,7.530861899,1
18/11/2003,-4.836740987,0.390479029,2
19/11/2003,21.69737555,11.7142081,3
20/11/2003,4.143684133,5.009751115,4
21/11/2003,4.196299343,2.849250206,1
22/11/2003,1.945627485,8.782646023,2
23/11/2003,1.832364867,9.944638295,3
24/11/2003,-6.40501703,10.52461326,4
25/11/2003,-14.73005478,10.84302474,1
26/11/2003,3.183351498,0.800115526,2
27/11/2003,-0.495808002,1.209161136,3
28/11/2003,3.21999343,9.40880763,4
29/11/2003,4.219011742,0.294208783,1
30/11/2003,9.386769768,3.72502815,2
01/12/2003,-6.21895903,10.51995504,3
02/12/2003,11.70178947,2.29166901,4
03/12/2003,-9.655903882,5.072863571,1
04/12/2003,9.707025178,3.781270007,2
05/12/2003,5.922346893,12.54493386,3
06/12/2003,6.898739188,5.683074078,4
07/12/2003,-5.869336749,7.906226034,1
08/12/2003,-10.06422858,6.390764358,2
09/12/2003,19.74408442,6.186058711,3
10/12/2003,7.064902527,5.536731614,4
11/12/2003,-5.455337282,0.527924865,1
12/12/2003,9.034538313,2.544166431,2
13/12/2003,-14.1676673,2.645662528,3
14/12/2003,4.049970475,7.609632067,4
15/12/2003,-10.48211167,1.062519708,1
16/12/2003,-6.39848409,7.652299464,2
17/12/2003,-6.252798094,12.62223815,3
18/12/2003,-5.758848333,7.355123445,4
19/12/2003,19.40953842,1.269270582,1
20/12/2003,5.388872303,4.838637077,2
21/12/2003,-7.781119191,9.270293066,3
22/12/2003,-4.184586226,7.108098319,4
23/12/2003,3.887459453,11.5130178,1
24/12/2003,-1.998134683,0.88661697,2
25/12/2003,-13.12741786,4.71895972,3
26/12/2003,14.59162138,3.07805072,4
27/12/2003,12.06793018,7.051124801,1
28/12/2003,-0.531424652,0.752014585,2
29/12/2003,5.213898484,1.76668603,3
30/12/2003,1.649037276,2.275394212,4
31/12/2003,15.19532289,6.294834819,1
01/01/2004,-0.738304227,4.661895391,2
02/01/2004,-11.32230161,4.541952041,3
03/01/2004,-9.871367374,12.35277614,4
04/01/2004,1.979876501,2.854111384,1
05/01/2004,-5.944418131,6.402681726,2
06/01/2004,8.373011468,9.167944017,3
07/01/2004,-2.688508709,5.266068513,4
08/01/2004,6.647314827,2.561572731,1
09/01/2004,7.662400288,3.396913616,2
10/01/2004,-4.136250226,0.773802366,3
11/01/2004,-7.835600128,2.650126943,4
12/01/2004,-7.448117592,10.05350189,1
13/01/2004,13.20918407,4.138012629,2
14/01/2004,4.04834528,7.337516319,3
15/01/2004,2.543642431,11.11826101,4
16/01/2004,1.201134337,0.661733142,1
17/01/2004,6.653596677,11.03470892,2
18/01/2004,11.39510998,3.045760016,3
19/01/2004,10.02118554,4.763295515,4
20/01/2004,5.538779402,10.15394841,1
21/01/2004,-0.500102962,6.778516391,2
22/01/2004,12.03933808,2.014613071,3
23/01/2004,3.861884268,7.488389114,4
24/01/2004,-1.643314628,9.877108438,1
25/01/2004,8.555447662,4.324198516,2
26/01/2004,5.429208513,4.701429095,3
27/01/2004,-13.69796283,5.612123882,4
28/01/2004,12.25232206,0.987985939,1
29/01/2004,1.136925424,6.424254779,2
30/01/2004,-0.065527262,8.616020556,3
31/01/2004,7.319566352,10.94152589,4
01/02/2004,17.30334884,0.081047132,1
02/02/2004,10.11060923,6.902794257,2
03/02/2004,7.398163661,3.274677667,3
04/02/2004,5.733596854,9.99323965,4
05/02/2004,2.265986219,5.891604451,1
06/02/2004,2.997147556,12.09726764,2
07/02/2004,10.54795043,7.578143877,3
08/02/2004,10.70105363,3.811244335,4
09/02/2004,7.722949842,7.607862243,1
10/02/2004,8.862923825,9.695539632,2
11/02/2004,8.513422569,6.901953213,3
12/02/2004,9.233027032,3.537682365,4
13/02/2004,-8.972928329,11.5996413,1
14/02/2004,22.1921497,0.352129047,2
15/02/2004,-0.486033664,12.10343826,3
16/02/2004,2.965792878,1.043668782,4
17/02/2004,6.418920575,12.22648039,1
18/02/2004,0.727371721,6.323907974,2
19/02/2004,8.787844568,1.200181927,3
20/02/2004,1.792259996,10.1188956,4
21/02/2004,5.751514455,2.656354001,1
22/02/2004,7.316532847,7.034244436,2
23/02/2004,9.330407177,1.316518854,3
24/02/2004,-12.10274301,9.016802039,4
25/02/2004,-22.91974593,4.273304696,1
26/02/2004,22.11792044,12.36441519,2
27/02/2004,-12.53881091,7.842324754,3
28/02/2004,-14.27225322,0.689780002,4
29/02/2004,13.74728484,7.263552867,1
01/03/2004,1.354387,12.07649518,2
02/03/2004,12.64181059,5.168570639,3
03/03/2004,1.375745452,9.965773534,4
04/03/2004,-4.700218142,5.54439185,1
05/03/2004,5.028262444,8.846071179,2
06/03/2004,0.08954727,4.274978261,3
07/03/2004,-4.667252378,5.565480503,4
08/03/2004,-6.622237109,2.463151377,1
09/03/2004,2.134266613,8.558908891,2
10/03/2004,-5.482677431,2.929511371,3
11/03/2004,9.265739031,11.84869773,4
12/03/2004,1.39123301,2.574751793,1
13/03/2004,-6.20609052,7.574353676,2
14/03/2004,-3.905285541,3.870942514,3
15/03/2004,-9.172910797,11.85975466,4
16/03/2004,7.665752031,1.031950914,1
17/03/2004,-7.653920926,8.577620784,2
18/03/2004,7.619638712,11.27354035,3
19/03/2004,14.49028505,5.381696425,4
20/03/2004,9.47713259,12.32715222,1
21/03/2004,7.207220792,6.274774923,2
22/03/2004,-4.652341441,1.205377544,3
23/03/2004,-0.579117871,10.8540572,4
24/03/2004,16.83716632,11.3262426,1
25/03/2004,10.02701902,1.244201929,2
26/03/2004,3.765623691,6.895281001,3
27/03/2004,6.997045894,7.297097182,4
28/03/2004,-5.330152149,6.46000386,1
29/03/2004,-0.423049979,8.227932545,2
30/03/2004,-1.500178444,6.619842074,3
31/03/2004,10.90928252,10.41610547,4
01/04/2004,-5.14552579,8.55417916,1
02/04/2004,-8.5292505,0.934274858,2
03/04/2004,-2.911487558,6.842446797,3
04/04/2004,3.050307165,4.502493071,4
05/04/2004,1.472883138,2.46222025,1
06/04/2004,-2.885652551,9.320135847,2
07/04/2004,-2.449975373,7.019728911,3
08/04/2004,-4.436769043,1.052874771,4
09/04/2004,9.208990559,10.23496031,1
10/04/2004,1.498640788,11.82769612,2
11/04/2004,9.308216324,5.145405697,3
12/04/2004,-5.23774965,2.182743931,4
13/04/2004,13.46673454,1.396519445,1
14/04/2004,-0.360212227,5.267237647,2
15/04/2004,4.095137122,0.624130609,3
16/04/2004,3.379129146,11.16895541,4
17/04/2004,3.931013383,9.275751764,1
18/04/2004,-9.230852032,10.91722269,2
19/04/2004,-4.947836763,6.002633071,3
20/04/2004,0.274720603,0.635780508,4
21/04/2004,-7.781409295,3.497841748,1
22/04/2004,8.697099436,10.85296805,2
23/04/2004,-6.776618609,7.453949767,3
24/04/2004,-1.979168491,2.48773917,4
25/04/2004,10.5773668,3.076690082,1
26/04/2004,5.385841203,3.378829983,2
27/04/2004,0.334920518,5.909786589,3
28/04/2004,10.78583314,8.24861669,4
29/04/2004,6.105674227,7.748295566,1
30/04/2004,7.682077998,1.945617737,2
01/05/2004,10.13439145,0.262239012,3
02/05/2004,-3.083520052,2.085085138,4
03/05/2004,-5.5695534,2.055358963,1
04/05/2004,18.56735265,1.915179762,2
05/05/2004,20.62655858,1.178278713,3
06/05/2004,-6.344815828,NA,4
07/05/2004,5.131828621,NA,1
08/05/2004,12.51077489,3.340544041,2
09/05/2004,3.133728949,11.88757105,3
10/05/2004,10.09136096,1.209799849,4
11/05/2004,-14.72234537,11.1536958,1
12/05/2004,-3.168089718,0.337657431,2
13/05/2004,5.766814444,9.837479238,3
14/05/2004,1.929860866,2.726876367,4
15/05/2004,-5.572896245,4.495803117,1
16/05/2004,4.197462951,3.020332009,2
17/05/2004,-8.94128305,11.15601053,3
18/05/2004,10.4048385,2.069878332,4
19/05/2004,-5.52155826,1.404349468,1
20/05/2004,7.095758822,11.81754161,2
21/05/2004,-0.820980629,0.290549925,3
22/05/2004,10.4977995,12.16390966,4
23/05/2004,1.217820607,0.015620024,1
24/05/2004,17.41326616,9.758519551,2
25/05/2004,15.17433971,7.462361825,3
26/05/2004,12.21526676,10.4467208,4
27/05/2004,7.187925091,6.509012469,1
28/05/2004,5.222672546,6.975857706,2
29/05/2004,-11.50110064,2.716425249,3
30/05/2004,-0.504969134,12.01794717,4
31/05/2004,-3.350062118,8.698585956,1
01/06/2004,5.709420338,9.771825335,2
02/06/2004,8.371124381,6.538747656,3
03/06/2004,1.741954762,11.86940879,4
04/06/2004,8.275815623,4.821081352,1
05/06/2004,12.6302102,6.039173698,2
06/06/2004,0.732148141,11.36865056,3
07/06/2004,-2.834855883,7.264707973,4
08/06/2004,15.93754971,11.70199707,1
09/06/2004,10.38471267,5.149636743,2
10/06/2004,-9.910283106,10.77011819,3
11/06/2004,2.345811312,10.67240772,4
12/06/2004,16.59009172,9.166312119,1
13/06/2004,-5.243780892,3.410450365,2
14/06/2004,-5.909955545,2.002506923,3
15/06/2004,-0.842597208,8.795205727,4
16/06/2004,16.95088578,5.08455231,1
17/06/2004,-3.763287308,4.228816266,2
18/06/2004,0.74228793,6.10097558,3
19/06/2004,-2.391554265,1.830545083,4
20/06/2004,-4.168635905,7.077096727,1
21/06/2004,6.483269768,4.79585491,2
22/06/2004,1.064630092,10.98270478,3
23/06/2004,14.70889373,9.442736561,4
24/06/2004,-11.03894312,0.985193984,1
25/06/2004,15.27271873,4.363158854,2
26/06/2004,-5.816614089,1.108269051,3
27/06/2004,-2.637865199,2.271081183,4
28/06/2004,-2.714244384,6.02215288,1
29/06/2004,9.51710758,6.200931251,2
30/06/2004,18.92201624,0.893824395,3
01/07/2004,-5.628289524,7.002220869,4
02/07/2004,8.314541989,10.97944062,1
03/07/2004,8.034332196,4.309265044,2
04/07/2004,-0.291194355,5.480409713,3
05/07/2004,-11.54487656,3.572584693,4
06/07/2004,-5.480565965,0.044815445,1
07/07/2004,7.741911008,5.736579603,2
08/07/2004,2.75827777,5.132797736,3
09/07/2004,13.06199931,9.245026373,4
10/07/2004,-5.037637344,7.38401706,1
11/07/2004,2.489064857,12.08914379,2
12/07/2004,14.12110463,2.786531971,3
13/07/2004,-14.91125663,3.85887639,4
14/07/2004,-5.913049151,1.300301328,1
15/07/2004,0.276479283,3.426196554,2
16/07/2004,5.231406246,6.390736383,3
17/07/2004,-0.633778588,2.521441283,4
18/07/2004,12.20159,11.25220385,1
19/07/2004,6.885728184,9.651575988,2
20/07/2004,17.64673239,3.994932225,3
21/07/2004,-10.5230067,8.475405263,4
22/07/2004,7.772664897,10.96207313,1
23/07/2004,-2.172059285,6.827286292,2
24/07/2004,4.292400781,11.63070589,3
25/07/2004,-11.42325521,12.41106626,4
26/07/2004,-7.228771436,1.304262775,1
27/07/2004,13.36933749,4.767845968,2
28/07/2004,15.75819684,10.20410774,3
29/07/2004,-2.020358795,2.781572383,4
30/07/2004,2.266386785,5.781120324,1
31/07/2004,-14.72578994,2.622034787,2
01/08/2004,3.039585861,7.552894091,3
02/08/2004,-0.827312868,4.156222921,4
03/08/2004,17.99304216,12.14889721,1
04/08/2004,7.12093512,4.066257928,2
05/08/2004,16.76785734,10.58272565,3
06/08/2004,4.844011275,1.519298732,4
07/08/2004,8.703946531,3.981468874,1
08/08/2004,9.595666935,6.76113745,2
09/08/2004,-16.69242747,0.843749211,3
10/08/2004,10.23179842,3.46026569,4
11/08/2004,7.06275321,8.11801225,1
12/08/2004,9.448067475,7.387515994,2
13/08/2004,3.019866463,8.868940479,3
14/08/2004,2.845254892,5.282693305,4
15/08/2004,-3.095931357,11.22744244,1
16/08/2004,-17.72992003,5.257890416,2
17/08/2004,-8.296650602,11.68297212,3
18/08/2004,1.646388548,9.34362948,4
19/08/2004,-7.871373478,7.40398432,1
20/08/2004,-3.86149566,8.430859573,2
21/08/2004,8.882028798,7.166636435,3
22/08/2004,8.18629822,3.924409352,4
23/08/2004,2.257873908,8.479213605,1
24/08/2004,12.88371398,11.24426158,2
25/08/2004,5.427044407,10.88778935,3
26/08/2004,0.585350999,2.377673271,4
27/08/2004,4.266388586,7.165900214,1
28/08/2004,-5.692213466,7.119566054,2
29/08/2004,-0.041871649,4.410025541,3
30/08/2004,-11.09141915,0.470824698,4
31/08/2004,-1.516309528,1.845633178,1
01/09/2004,18.10717222,11.2743643,2
02/09/2004,0.729399976,6.393829819,3
03/09/2004,-0.896017568,10.1558958,4
04/09/2004,16.94701145,6.247905792,1
05/09/2004,-3.642059694,10.53707065,2
06/09/2004,-9.519129739,6.327113164,3
07/09/2004,5.959528651,8.074046456,4
08/09/2004,5.250435548,4.386139078,1
09/09/2004,-6.14072479,3.298949264,2
10/09/2004,-5.338878262,3.507331146,3
11/09/2004,0.818903599,10.15332351,4
12/09/2004,-3.951150533,10.40803945,1
13/09/2004,12.15796662,6.025431688,2
14/09/2004,8.88507931,5.603435828,3
15/09/2004,-29.46876027,10.21773712,4
16/09/2004,-0.186438254,11.89665513,1
17/09/2004,0.12834252,9.941668586,2
18/09/2004,1.545543329,2.74289837,3
19/09/2004,16.10864124,3.788819582,4
20/09/2004,10.61442236,0.412331948,1
21/09/2004,13.43673923,2.38910128,2
22/09/2004,1.749617767,5.52110952,3
23/09/2004,-2.263140893,2.339482851,4
24/09/2004,8.644250638,10.36162638,1
25/09/2004,6.68911898,0.555852339,2
26/09/2004,5.443707348,5.553474572,3
27/09/2004,2.86502419,11.69854779,4
28/09/2004,-16.12416449,0.723376304,1
29/09/2004,-3.37326049,1.344622341,2
30/09/2004,-27.73441884,3.54272864,3
01/10/2004,16.94477439,11.77171859,4
02/10/2004,-1.260454273,6.128037031,1
03/10/2004,10.54647834,9.692740523,2
04/10/2004,4.370311606,11.43478343,3
05/10/2004,-4.596079853,0.713742162,4
06/10/2004,-4.447117516,10.99722021,1
07/10/2004,1.076748901,3.076788841,2
08/10/2004,5.217004229,10.01058386,3
09/10/2004,8.909655626,12.3929108,4
10/10/2004,-3.207358796,8.618648177,1
11/10/2004,3.236708807,4.778949648,2
12/10/2004,-15.90711865,2.63040263,3
13/10/2004,-9.063440121,0.981670513,4
14/10/2004,-4.332180811,10.01071493,1
15/10/2004,8.39311998,8.152716192,2
16/10/2004,17.62364618,11.2390721,3
17/10/2004,16.40296101,10.36328525,4
18/10/2004,27.11639195,9.753364312,1
19/10/2004,11.47565319,9.707607691,2
20/10/2004,27.78593546,11.13593476,3
21/10/2004,1.887479215,3.942840536,4
22/10/2004,8.14435886,7.836383073,1
23/10/2004,5.89982415,9.167582483,2
24/10/2004,7.026459212,10.69926902,3
25/10/2004,-10.72352565,11.48603512,4
26/10/2004,-8.858676546,11.63517055,1
27/10/2004,5.852102172,1.331610319,2
28/10/2004,-5.629472658,2.105609879,3
29/10/2004,-12.17090319,6.662428678,4
30/10/2004,1.781409619,11.83578719,1
31/10/2004,-1.135752383,4.553053418,2
01/11/2004,-5.523617533,9.839486415,3
02/11/2004,-4.769388306,1.801852514,4
03/11/2004,-1.25922618,9.610338432,1
04/11/2004,6.822846763,0.851129548,2
05/11/2004,-8.971731804,6.695833321,3
06/11/2004,9.663242813,1.548529069,4
07/11/2004,22.2185938,2.14778887,1
08/11/2004,-7.548306927,4.912199466,2
09/11/2004,1.960793311,1.336262167,3
10/11/2004,-11.43047122,2.078810501,4
11/11/2004,24.11509073,7.829586234,1
12/11/2004,7.984837622,0.840062542,2
13/11/2004,7.258962137,5.59911417,3
14/11/2004,-1.08696255,8.654606386,4
15/11/2004,11.79863509,10.83559498,1
16/11/2004,12.279135,4.680168648,2
17/11/2004,-7.162677832,6.242640118,3
18/11/2004,4.267278285,8.110494906,4
19/11/2004,-3.20744943,4.494374896,1
20/11/2004,8.366336998,10.18128639,2
21/11/2004,7.044015973,11.82336099,3
22/11/2004,-7.082659756,2.623112443,4
23/11/2004,2.143804632,5.001464902,1
24/11/2004,6.819023039,8.796623242,2
25/11/2004,0.119256418,3.162619173,3
26/11/2004,-13.36900263,1.974979541,4
27/11/2004,1.917165179,9.475708269,1
28/11/2004,2.575138885,3.183546258,2
29/11/2004,11.42384349,11.81015214,3
30/11/2004,-7.000712478,0.80524991,4
01/12/2004,11.95261968,2.078595597,1
02/12/2004,4.283443989,9.945389316,2
03/12/2004,14.92684987,4.963141858,3
04/12/2004,8.204273828,0.773143992,4
05/12/2004,2.009824571,4.61626086,1
06/12/2004,-14.81899239,2.260054204,2
07/12/2004,-12.19442333,6.490473127,3
08/12/2004,6.818925238,4.047454718,4
09/12/2004,7.176542842,7.966275629,1
10/12/2004,5.559492536,10.5730797,2
11/12/2004,5.168916472,9.706672409,3
12/12/2004,2.229309849,4.456173552,4
13/12/2004,-9.22338109,10.78368462,1
14/12/2004,-1.798166681,3.824412128,2
15/12/2004,0.264361831,2.944976475,3
16/12/2004,6.911509139,11.61333597,4
17/12/2004,11.12192387,6.25454979,1
18/12/2004,-1.345502941,1.898936729,2
19/12/2004,-2.846422172,9.924385591,3
20/12/2004,-14.34855536,7.412834038,4
21/12/2004,7.778186198,3.49261942,1
22/12/2004,-6.414849032,5.009179911,2
23/12/2004,-4.55741353,8.550383353,3
24/12/2004,-11.36549025,12.56819864,4
25/12/2004,7.366178179,12.13687178,1
26/12/2004,-12.0208364,7.525966934,2
27/12/2004,-16.8493084,1.134897704,3
28/12/2004,-0.863934534,12.39322303,4
29/12/2004,-15.00965741,9.683971373,1
30/12/2004,11.58602966,4.875911397,2
31/12/2004,23.24946198,5.960815558,3
01/01/2005,-2.465984807,1.630594356,4
02/01/2005,18.65854426,2.003368911,1
03/01/2005,-16.55790887,2.936490566,2
04/01/2005,0.006615558,7.638642891,3
05/01/2005,-10.79107784,5.402908837,4
06/01/2005,9.077083264,6.075458807,1
07/01/2005,-5.682580481,7.739720268,2
08/01/2005,10.29923859,1.935115813,3
09/01/2005,-0.429561918,2.059700403,4
10/01/2005,17.26474647,6.425298985,1
11/01/2005,12.95768557,3.73702217,2
12/01/2005,12.47170643,9.114836995,3
13/01/2005,10.51941328,2.330285227,4
14/01/2005,10.14149256,5.334596744,1
15/01/2005,5.508588231,8.097324368,2
16/01/2005,3.406195239,12.19297257,3
17/01/2005,13.15381245,7.242019841,4
18/01/2005,12.48362187,11.90303975,1
19/01/2005,9.214157262,1.128946648,2
20/01/2005,11.10204277,2.862029136,3
21/01/2005,6.246408625,2.610551728,4
22/01/2005,-11.75207429,11.58691624,1
23/01/2005,-1.953908954,2.464479381,2
24/01/2005,-3.8370302,11.3398388,3
25/01/2005,8.589635041,6.258966709,4
26/01/2005,-15.17602036,3.272356049,1
27/01/2005,7.010330883,6.168211098,2
28/01/2005,7.570183499,11.9120399,3
29/01/2005,8.634539418,11.51063264,4
30/01/2005,-12.19576058,12.04430752,1
31/01/2005,12.19765538,10.98142801,2
01/02/2005,-14.72549255,9.290192654,3
02/02/2005,-8.584847359,4.625121022,4
03/02/2005,-3.668903149,10.29503631,1
04/02/2005,-7.249161798,5.591475494,2
05/02/2005,-3.702301048,1.968618578,3
06/02/2005,6.886924769,4.691737458,4
07/02/2005,-11.55445607,12.25592017,1
08/02/2005,0.716896566,5.664320062,2
09/02/2005,-0.457302115,3.496064084,3
10/02/2005,6.892109149,5.779632293,4
11/02/2005,-8.043176524,4.544066115,1
12/02/2005,11.16950879,10.00571964,2
13/02/2005,8.712225874,8.798382109,3
14/02/2005,-6.169244499,5.205359334,4
15/02/2005,-15.89895141,6.844596121,1
16/02/2005,-6.922836549,3.060922254,2
17/02/2005,-0.71263266,12.0658305,3
18/02/2005,0.672832699,10.20097096,4
19/02/2005,14.75205091,2.92481084,1
20/02/2005,-4.946471909,4.139175551,2
21/02/2005,8.443358445,3.736461089,3
22/02/2005,4.218452601,5.826140698,4
23/02/2005,-1.24477596,7.638410335,1
24/02/2005,-3.934043426,6.997449441,2
25/02/2005,-14.20391337,9.025552418,3
26/02/2005,-11.36567293,10.73147197,4
27/02/2005,5.907354645,12.62848465,1
28/02/2005,18.51920631,5.72765257,2
01/03/2005,7.807644501,1.224468336,3
02/03/2005,3.660542329,5.589976768,4
03/03/2005,-17.7435111,10.97955613,1
04/03/2005,11.89802368,8.049631331,2
05/03/2005,4.043301863,10.28639911,3
06/03/2005,-2.182864095,2.767034515,4
07/03/2005,9.829143886,10.94134706,1
08/03/2005,12.87106477,6.179590335,2
09/03/2005,0.834791864,1.292985555,3
10/03/2005,5.108359909,9.250033214,4
11/03/2005,7.030696023,8.121693705,1
12/03/2005,8.571697387,6.449248899,2
13/03/2005,9.8085892,3.921767997,3
14/03/2005,10.70727562,3.73490941,4
15/03/2005,0.305513496,0.503323626,1
16/03/2005,9.974289045,1.843388065,2
17/03/2005,-2.216302865,2.320910896,3
18/03/2005,10.55864637,6.097676679,4
19/03/2005,10.71022664,1.875320513,1
20/03/2005,-17.7921388,10.31825698,2
21/03/2005,-8.337474553,12.00813138,3
22/03/2005,-0.75045885,10.88109399,4
23/03/2005,2.798287743,3.030362422,1
24/03/2005,7.663050585,11.52378353,2
25/03/2005,-7.277811682,10.31481985,3
26/03/2005,9.991049486,9.093072921,4
27/03/2005,1.523870085,9.205629971,1
28/03/2005,-8.047215489,1.02400349,2
29/03/2005,2.948030686,2.699374142,3
30/03/2005,-11.94509896,8.808742665,4
31/03/2005,-14.86006465,8.915351076,1
01/04/2005,0.224110818,5.830690273,2
02/04/2005,12.06960433,8.994431025,3
03/04/2005,4.013141357,4.554357515,4
04/04/2005,9.867842287,1.575580159,1
05/04/2005,19.30790203,NA,2
06/04/2005,7.350754727,9.687509071,3
07/04/2005,-2.203425494,6.93353491,4
08/04/2005,7.04908591,6.297549052,1
09/04/2005,4.179693415,3.8013239,2
10/04/2005,20.62043687,5.12813426,3
11/04/2005,-4.995067843,5.403974137,4
12/04/2005,5.669467432,2.378094005,1
13/04/2005,-0.377742624,4.003046574,2
14/04/2005,-12.00766379,5.450995556,3
15/04/2005,5.045702484,8.149748482,4
16/04/2005,1.873493672,1.758270411,1
17/04/2005,-6.061053149,1.182890058,2
18/04/2005,7.572378531,6.203945815,3
19/04/2005,1.700034105,8.412411615,4
20/04/2005,-11.68989372,5.657006842,1
21/04/2005,-2.43780988,10.51051119,2
22/04/2005,11.0349879,5.099417022,3
23/04/2005,3.201457201,3.624399588,4
24/04/2005,-5.59986341,10.97129663,1
25/04/2005,-3.607322532,1.838596947,2
26/04/2005,8.991423447,3.389221945,3
27/04/2005,-4.568121112,2.227573634,4
28/04/2005,4.653721015,5.659150714,1
29/04/2005,-3.702859739,9.195050458,2
30/04/2005,21.14577573,10.19797835,3
01/05/2005,7.361901911,1.908846961,4
02/05/2005,5.133678044,11.47032606,1
03/05/2005,7.56676859,10.99755736,2
04/05/2005,-2.886851318,5.799897815,3
05/05/2005,9.189313557,0.320578343,4
06/05/2005,0.70932649,6.654076964,1
07/05/2005,1.079323075,3.017520654,2
08/05/2005,6.328681406,10.93143783,3
09/05/2005,13.20826221,1.808311677,4
10/05/2005,3.970754807,7.91198687,1
11/05/2005,19.63996428,6.269678231,2
12/05/2005,-1.09123515,7.969373978,3
13/05/2005,-4.014516106,2.2062592,4
14/05/2005,-2.290214282,5.027326552,1
15/05/2005,3.577829646,9.734280429,2
16/05/2005,15.6501277,6.827914496,3
17/05/2005,7.793953764,11.92090269,4
18/05/2005,-16.57728012,6.361540833,1
19/05/2005,5.851632249,9.024999849,2
20/05/2005,18.40948918,9.078860787,3
21/05/2005,7.181311556,10.60064083,4
22/05/2005,7.256905184,5.594192025,1
23/05/2005,1.746645163,5.667841678,2
24/05/2005,-10.95623427,4.798775277,3
25/05/2005,0.58156937,0.41069839,4
26/05/2005,4.773763313,5.94696036,1
27/05/2005,12.93186316,7.046792386,2
28/05/2005,7.86451394,4.086432348,3
29/05/2005,13.41638108,11.6186981,4
30/05/2005,-11.19419009,11.88090059,1
31/05/2005,6.829722214,9.848165621,2
01/06/2005,1.37735586,1.829403806,3
02/06/2005,6.236549331,0.009311125,4
03/06/2005,0.512823326,11.22509772,1
04/06/2005,4.467554604,1.89666941,2
05/06/2005,7.190041288,6.272285093,3
06/06/2005,-10.90405301,0.563594926,4
07/06/2005,13.73878337,0.274034636,1
08/06/2005,10.26925071,4.425717318,2
09/06/2005,12.28614341,3.705430085,3
10/06/2005,12.44996875,0.408505169,4
11/06/2005,-4.440850355,11.08336925,1
12/06/2005,8.77301138,11.27930292,2
13/06/2005,-0.164527549,1.239945432,3
14/06/2005,25.67101527,8.107319166,4
15/06/2005,11.36958515,6.991797952,1
16/06/2005,4.97812814,11.61644739,2
17/06/2005,-10.42837765,1.388068008,3
18/06/2005,-6.784632043,7.165993059,4
19/06/2005,-3.725160816,6.733566649,1
20/06/2005,21.21520346,3.170261322,2
21/06/2005,3.041021274,10.71475932,3
22/06/2005,23.74702009,9.234028553,4
23/06/2005,7.152509377,5.296467554,1
24/06/2005,12.21815723,5.119382861,2
25/06/2005,1.558954291,10.50855701,3
26/06/2005,-7.208383545,7.241205849,4
27/06/2005,-17.72209795,9.702364658,1
28/06/2005,23.26758832,1.331191299,2
29/06/2005,-9.000003727,11.21743678,3
30/06/2005,6.43405934,1.40501965,4
01/07/2005,5.456764696,11.49483166,1
02/07/2005,2.022708008,2.44841349,2
03/07/2005,2.525316454,10.64426715,3
04/07/2005,-15.69061117,11.00749697,4
05/07/2005,-14.6556631,8.246634825,1
06/07/2005,9.516438969,12.63495891,2
07/07/2005,-10.87300055,6.639141671,3
08/07/2005,-2.596374199,4.566211806,4
09/07/2005,-8.311190777,7.017423787,1
10/07/2005,15.24977963,10.8526632,2
11/07/2005,11.96446007,8.118960486,3
12/07/2005,-14.17423498,0.02037226,4
13/07/2005,7.088228203,2.326758094,1
14/07/2005,-2.368865267,3.378350744,2
15/07/2005,-9.153987475,3.49338004,3
16/07/2005,-8.478080592,4.397910772,4
17/07/2005,2.804410133,3.911769682,1
18/07/2005,2.16674882,5.341919324,2
19/07/2005,-10.875588,3.795975189,3
20/07/2005,10.99672922,8.493479235,4
21/07/2005,5.55435944,4.922773353,1
22/07/2005,1.432549527,2.896683653,2
23/07/2005,5.350484652,6.045043422,3
24/07/2005,-3.003088539,0.938221723,4
25/07/2005,-2.674566033,2.699071108,1
26/07/2005,-10.1648405,10.58232315,2
27/07/2005,19.36893231,0.16104521,3
28/07/2005,19.13484446,6.816163611,4
29/07/2005,-4.406637357,12.37397113,1
30/07/2005,0.478161104,0.913649643,2
31/07/2005,9.393772454,2.620001099,3
01/08/2005,-6.259407665,6.042909488,4
02/08/2005,3.044725746,10.70979392,1
03/08/2005,-8.241588773,2.140077351,2
04/08/2005,-4.71554624,3.395308078,3
05/08/2005,0.075599424,12.03526577,4
06/08/2005,-11.61035394,8.745733616,1
07/08/2005,7.843953695,11.51239599,2
08/08/2005,-4.253031907,5.636532392,3
09/08/2005,1.558707785,0.00951011,4
10/08/2005,-16.89797581,9.186490808,1
11/08/2005,2.308608466,11.91677088,2
12/08/2005,17.49769449,0.407730053,3
13/08/2005,-4.75468073,2.606048214,4
14/08/2005,-2.775979247,7.51326849,1
15/08/2005,8.986903822,6.122030863,2
16/08/2005,5.482051557,5.574282573,3
17/08/2005,3.125548999,5.723370985,4
18/08/2005,20.0774795,11.60422603,1
19/08/2005,7.931026833,6.295843996,2
20/08/2005,-8.150814372,4.683041881,3
21/08/2005,1.293132633,10.25584004,4
22/08/2005,5.04495433,4.414667502,1
23/08/2005,-17.10164954,0.886627099,2
24/08/2005,-11.12619797,0.416957277,3
25/08/2005,6.38361352,11.92730526,4
26/08/2005,20.00827448,7.150116246,1
27/08/2005,-5.130668088,10.64412795,2
28/08/2005,6.211329405,9.259937179,3
29/08/2005,-4.514311366,12.41052621,4
30/08/2005,14.61003779,5.151864845,1
31/08/2005,-7.229008618,10.22480464,2
01/09/2005,-7.438317014,3.539997197,3
02/09/2005,-1.037586023,6.902442222,4
03/09/2005,6.2768929,8.104862424,1
04/09/2005,4.551734571,11.49438071,2
05/09/2005,16.47460443,1.464634915,3
06/09/2005,6.854788509,10.25828798,4
07/09/2005,3.725975368,7.887458872,1
08/09/2005,7.35976632,8.449125609,2
09/09/2005,1.133100853,10.68069316,3
10/09/2005,-5.852981616,0.907564028,4
11/09/2005,7.465359019,5.499022932,1
12/09/2005,2.812720896,9.504774256,2
13/09/2005,11.79814944,4.413586954,3
14/09/2005,0.512121608,0.671681643,4
15/09/2005,-9.052179371,4.598142131,1
16/09/2005,0.728502646,9.683074427,2
17/09/2005,-0.917179747,8.68409038,3
18/09/2005,17.05371752,9.304683783,4
19/09/2005,-5.007765124,1.284204738,1
20/09/2005,-8.061308832,6.38879645,2
21/09/2005,15.66937679,2.527415471,3
22/09/2005,8.951666749,1.685137359,4
23/09/2005,9.489216124,0.856279954,1
24/09/2005,12.21383376,2.728391062,2
25/09/2005,-1.475745641,4.993767876,3
26/09/2005,-7.002856082,12.06116442,4
27/09/2005,2.501865627,6.134272448,1
28/09/2005,-9.041672851,2.894323516,2
29/09/2005,-4.588188616,6.758947367,3
30/09/2005,-7.559161083,9.985307836,4
01/10/2005,13.10745641,5.481568258,1
02/10/2005,20.1504242,2.748801676,2
03/10/2005,9.822056574,0.426045884,3
04/10/2005,-13.89009274,5.801366558,4
05/10/2005,-5.377889462,1.275036535,1
06/10/2005,13.03203233,7.535378137,2
07/10/2005,-7.865444005,4.853117493,3
08/10/2005,-5.633611196,7.690283176,4
09/10/2005,5.074070072,7.699441315,1
10/10/2005,17.72827132,0.118632324,2
11/10/2005,-12.60220841,7.268030312,3
12/10/2005,15.24601615,10.44378847,4
13/10/2005,1.930851507,1.861506852,1
14/10/2005,3.728721091,11.00389895,2
15/10/2005,14.61618483,10.70864524,3
16/10/2005,8.888109895,3.297350077,4
17/10/2005,-3.512302868,6.553851838,1
18/10/2005,-3.365921952,1.521918318,2
19/10/2005,19.96516144,4.597749843,3
20/10/2005,-9.4686018,5.436443568,4
21/10/2005,3.403025443,7.664706905,1
22/10/2005,9.580612986,10.87361569,2
23/10/2005,-1.687997411,10.15936662,3
24/10/2005,-0.124310342,2.856858166,4
25/10/2005,-4.119262753,9.189354978,1
26/10/2005,10.49494485,6.528939413,2
27/10/2005,3.025680866,4.377772605,3
28/10/2005,0.138733514,1.894173674,4
29/10/2005,-3.440135473,1.502663796,1
30/10/2005,14.02546054,10.11286344,2
31/10/2005,6.585574102,10.19480092,3
01/11/2005,-19.92005245,2.069660832,4
02/11/2005,13.77977891,1.871920585,1
03/11/2005,0.362317815,9.287522102,2
04/11/2005,0.077513931,3.114624389,3
05/11/2005,-9.464692719,6.273208491,4
06/11/2005,5.912460372,11.05585271,1
07/11/2005,-0.811497262,0.897138095,2
08/11/2005,1.108828398,3.782867103,3
09/11/2005,27.67760834,7.719651672,4
10/11/2005,5.231457903,5.048091381,1
11/11/2005,13.51537902,4.677073554,2
12/11/2005,-6.66354472,8.626292325,3
13/11/2005,16.78656777,12.27558423,4
14/11/2005,12.04694772,11.49998358,1
15/11/2005,-9.900430094,4.858323737,2
16/11/2005,20.6532277,2.055907651,3
17/11/2005,3.334272526,1.603724303,4
18/11/2005,24.39722018,9.757129543,1
19/11/2005,-8.589462568,12.62832885,2
20/11/2005,-3.85368662,6.180459042,3
21/11/2005,1.449854653,3.960125163,4
22/11/2005,6.816201657,11.66778451,1
23/11/2005,1.374861965,11.52528144,2
24/11/2005,-1.940753379,10.52003175,3
25/11/2005,5.508213757,2.448634545,4
26/11/2005,10.95474476,6.090862333,1
27/11/2005,8.732902961,7.319371053,2
28/11/2005,-6.366130572,2.848810693,3
29/11/2005,24.38304223,2.787859639,4
30/11/2005,-5.09912973,1.228238432,1
01/12/2005,8.58863684,2.376403776,2
02/12/2005,-3.717630333,1.976690273,3
03/12/2005,5.917632852,8.266377354,4
04/12/2005,-4.649481236,4.163775529,1
05/12/2005,7.488696596,7.838143242,2
06/12/2005,7.58994494,1.437129924,3
07/12/2005,7.728878789,3.066649407,4
08/12/2005,6.288810562,5.603545948,1
09/12/2005,-3.901972221,6.95031231,2
10/12/2005,9.326609771,3.745265277,3
11/12/2005,-3.16288667,4.637031858,4
12/12/2005,2.256710107,12.34689772,1
13/12/2005,-5.054958524,8.087606302,2
14/12/2005,6.559329985,10.93312518,3
15/12/2005,2.227702356,7.233147152,4
16/12/2005,-2.418326068,8.783797314,1
17/12/2005,17.17638232,3.73986846,2
18/12/2005,2.641926459,3.646414437,3
19/12/2005,-7.476169761,11.77649596,4
20/12/2005,2.004519547,12.37352943,1
21/12/2005,0.489200846,9.842967462,2
22/12/2005,-8.212613114,4.93662684,3
23/12/2005,-5.907420626,11.15305342,4
24/12/2005,-9.85201435,6.139004906,1
25/12/2005,7.180689828,5.510764904,2
26/12/2005,-5.267976699,0.338886635,3
27/12/2005,13.75324545,4.352519897,4
28/12/2005,-2.294337818,10.91880507,1
29/12/2005,-12.49611417,11.46513454,2
30/12/2005,0.052115457,6.048725681,3
31/12/2005,-4.976324625,4.817466844,4
01/01/2006,2.311988091,1.959833005,1
02/01/2006,-5.475906985,2.10182684,2
03/01/2006,6.809925907,6.285996749,3
04/01/2006,8.284672544,9.47138568,4
05/01/2006,2.147514625,10.87040828,1
06/01/2006,11.14910591,6.237244939,2
07/01/2006,5.42918289,6.736652846,3
08/01/2006,-8.133461696,2.354855101,4
09/01/2006,9.127432306,7.832975835,1
10/01/2006,7.456567198,2.752373925,2
11/01/2006,-0.082635495,10.82056606,3
12/01/2006,19.79354225,7.457205778,4
13/01/2006,14.2065116,2.271817074,1
14/01/2006,-1.933759979,1.084034721,2
15/01/2006,-2.516016831,5.079876979,3
16/01/2006,2.644900483,1.13848346,4
17/01/2006,5.660243242,9.550751024,1
18/01/2006,16.52763128,6.122005624,2
19/01/2006,4.278047893,1.030824664,3
20/01/2006,11.09448047,11.72706708,4
21/01/2006,25.72077738,11.18762922,1
22/01/2006,1.912530592,11.49735153,2
23/01/2006,5.521538229,1.777910633,3
24/01/2006,6.857621544,1.508230504,4
25/01/2006,10.95306026,7.665009747,1
26/01/2006,4.247873834,3.258442327,2
27/01/2006,-2.784333,7.215119949,3
28/01/2006,-1.893028428,4.146639635,4
29/01/2006,4.934532208,3.493385898,1
30/01/2006,16.5948185,3.76663065,2
31/01/2006,7.736266444,7.408433581,3
01/02/2006,11.9722461,9.681366552,4
02/02/2006,-6.452370831,5.36078358,1
03/02/2006,4.168994378,1.195138541,2
04/02/2006,21.63771402,10.30120125,3
05/02/2006,-8.83618535,1.382616532,4
06/02/2006,4.101001949,1.129305166,1
07/02/2006,8.329394041,3.049232872,2
08/02/2006,-2.24904877,11.42046268,3
09/02/2006,-0.312126742,11.08465806,4
10/02/2006,1.402946589,5.062532869,1
11/02/2006,11.62306139,7.756886964,2
12/02/2006,-24.20273354,2.898241653,3
13/02/2006,8.928955569,8.765921376,4
14/02/2006,-0.243309886,1.820366412,1
15/02/2006,5.262946656,7.503085651,2
16/02/2006,-6.287571143,10.87786308,3
17/02/2006,13.7278316,4.731113166,4
18/02/2006,-5.559862839,0.783717585,1
19/02/2006,4.693647248,10.88978715,2
20/02/2006,5.826838319,7.019055234,3
21/02/2006,-4.650433822,12.51319703,4
22/02/2006,4.476213404,3.48546639,1
23/02/2006,6.618259133,5.617180001,2
24/02/2006,4.36721466,2.796803346,3
25/02/2006,-4.127756206,4.616076027,4
26/02/2006,4.331523143,5.517243117,1
27/02/2006,2.390944698,8.40762266,2
28/02/2006,12.71187006,6.621473012,3
01/03/2006,-0.9325607,9.092788475,4
02/03/2006,-3.91932787,4.504088167,1
03/03/2006,1.527384263,6.077235063,2
04/03/2006,-5.497645002,2.875701428,3
05/03/2006,12.4377904,11.09084936,4
06/03/2006,-5.726395569,9.7027302,1
07/03/2006,3.420658823,7.688235748,2
08/03/2006,4.92467545,9.43350814,3
09/03/2006,18.19523388,10.82752161,4
10/03/2006,5.028084171,12.0226571,1
11/03/2006,0.475071782,12.54890884,2
12/03/2006,-2.162983127,2.04162927,3
13/03/2006,-11.38446564,3.944199475,4
14/03/2006,-25.28779534,1.982221434,1
15/03/2006,5.058740828,5.893508289,2
16/03/2006,-3.122522943,2.624587535,3
17/03/2006,7.930395002,4.030647214,4
18/03/2006,7.034090836,1.5890356,1
19/03/2006,4.216133355,3.669360826,2
20/03/2006,-3.669353941,12.35119987,3
21/03/2006,0.474715918,2.372178099,4
22/03/2006,-15.40693895,0.076461373,1
23/03/2006,-7.734114187,6.307276317,2
24/03/2006,-1.930891554,0.999397978,3
25/03/2006,19.8580065,1.426823765,4
26/03/2006,-3.936145989,2.83140401,1
27/03/2006,18.66714429,0.475402787,2
28/03/2006,-3.0413635,5.127132791,3
29/03/2006,9.624684584,6.219415489,4
30/03/2006,-6.259794368,5.581092548,1
31/03/2006,2.222954897,2.366728652,2
01/04/2006,5.609408735,10.68801228,3
02/04/2006,9.815765295,1.141643404,4
03/04/2006,8.185435417,11.38331449,1
04/04/2006,4.103067525,3.882334301,2
05/04/2006,-21.17698314,1.882475001,3
06/04/2006,0.590799118,3.264770468,4
07/04/2006,13.26673726,7.451455728,1
08/04/2006,-10.65143296,5.881151068,2
09/04/2006,6.262047039,0.578171239,3
10/04/2006,8.680801289,0.875775054,4
11/04/2006,-6.372309461,10.29298902,1
12/04/2006,14.86499211,10.54265437,2
13/04/2006,1.954011777,2.41590896,3
14/04/2006,8.952732628,4.052314664,4
15/04/2006,10.31094963,8.498064513,1
16/04/2006,-0.698670134,11.79074476,2
17/04/2006,21.17318464,2.022443018,3
18/04/2006,1.314581003,12.30572056,4
19/04/2006,3.19559232,6.410247924,1
20/04/2006,10.66894296,6.201918159,2
21/04/2006,-4.955897208,6.287531272,3
22/04/2006,3.026241117,6.84048468,4
23/04/2006,20.16470842,1.792346378,1
24/04/2006,11.02915821,12.43087929,2
25/04/2006,-0.361546714,8.195726714,3
26/04/2006,-2.923759581,2.603105486,4
27/04/2006,12.17757954,12.64333841,1
28/04/2006,-2.911691383,1.232202861,2
29/04/2006,-2.304089924,6.427728437,3
30/04/2006,-9.865548893,12.13329304,4
01/05/2006,-12.48990045,4.28360292,1
02/05/2006,5.739928151,0.801216856,2
03/05/2006,-7.107875128,3.835622128,3
04/05/2006,-3.561079241,3.194591686,4
05/05/2006,7.045372465,4.544336403,1
06/05/2006,22.05929984,3.005364515,2
07/05/2006,8.961933323,7.172874797,3
08/05/2006,18.38548384,3.312234136,4
09/05/2006,1.053086709,2.424648592,1
10/05/2006,5.674608781,3.463970115,2
11/05/2006,-4.494139591,11.83976823,3
12/05/2006,10.59032882,11.696654,4
13/05/2006,6.386076264,9.19074162,1
14/05/2006,1.357010976,8.423759135,2
15/05/2006,-6.244696411,10.39961435,3
16/05/2006,9.513125482,1.651643003,4
17/05/2006,5.051385708,11.59711948,1
18/05/2006,-6.320131468,7.231712092,2
19/05/2006,18.15152473,1.745708021,3
20/05/2006,7.222852095,1.31211098,4
21/05/2006,-3.463990744,2.206150621,1
22/05/2006,-19.844609,7.875606843,2
23/05/2006,-12.93965278,7.953608927,3
24/05/2006,10.74029604,2.579612066,4
25/05/2006,4.306647542,3.992989863,1
26/05/2006,8.710967257,3.030697518,2
27/05/2006,-6.764065777,8.796565788,3
28/05/2006,1.979187499,0.179963166,4
29/05/2006,5.023497534,5.973229096,1
30/05/2006,-0.988001686,2.384338788,2
31/05/2006,8.784542834,9.612574421,3
01/06/2006,10.51661799,0.717167455,4
02/06/2006,-0.867763643,0.683344567,1
03/06/2006,-11.52745689,2.430506423,2
04/06/2006,8.808612904,9.600021108,3
05/06/2006,-12.4503966,7.041435649,4
06/06/2006,0.772043641,0.410872831,1
07/06/2006,-3.94082877,8.271567101,2
08/06/2006,3.710641186,6.232488765,3
09/06/2006,-0.990976204,3.000325986,4
10/06/2006,16.13844149,8.614663173,1
11/06/2006,2.209640367,0.756819425,2
12/06/2006,3.051390552,2.698858095,3
13/06/2006,2.368200636,9.697652843,4
14/06/2006,0.834348258,11.80603502,1
15/06/2006,-2.289271273,7.544872751,2
16/06/2006,12.70307616,7.417138862,3
17/06/2006,8.376724147,10.64065191,4
18/06/2006,-7.571119012,0.679624873,1
19/06/2006,10.00649455,5.759171459,2
20/06/2006,2.111240928,11.90174086,3
21/06/2006,3.734537201,6.52206591,4
22/06/2006,-16.37536746,7.867596654,1
23/06/2006,-3.599185349,4.969592874,2
24/06/2006,9.343997982,4.94881146,3
25/06/2006,-2.512795313,12.50837446,4
26/06/2006,4.118866411,9.687039762,1
27/06/2006,7.200213758,5.081689501,2
28/06/2006,-12.23871086,1.33597201,3
29/06/2006,-12.13173326,1.81569483,4
30/06/2006,-12.60260635,6.33343097,1
01/07/2006,-4.32620154,9.32639591,2
02/07/2006,10.31622291,7.734998781,3
03/07/2006,9.46459738,12.35108123,4
04/07/2006,-5.896708659,0.022047604,1
05/07/2006,17.08760477,0.537225324,2
06/07/2006,14.84052621,4.312010595,3
07/07/2006,11.05490881,11.13706557,4
08/07/2006,12.26695607,3.098014651,1
09/07/2006,1.554596114,5.847324708,2
10/07/2006,-3.083123744,8.082119041,3
11/07/2006,9.175597007,5.166429118,4
12/07/2006,5.959560682,10.96991935,1
13/07/2006,16.8864033,5.324470302,2
14/07/2006,-7.975953143,7.067465485,3
15/07/2006,14.78832186,0.001854519,4
16/07/2006,-7.942802452,2.672038279,1
17/07/2006,0.918459113,12.02385823,2
18/07/2006,-17.08808784,5.937858372,3
19/07/2006,2.759585899,10.84583472,4
20/07/2006,5.33250011,1.975841165,1
21/07/2006,7.799306182,7.67857592,2
22/07/2006,9.163364758,1.981073242,3
23/07/2006,-1.656676909,8.844399027,4
24/07/2006,-10.74551575,0.077800184,1
25/07/2006,16.15256555,0.414573922,2
26/07/2006,5.17114065,5.022795538,3
27/07/2006,-1.21781759,3.647013987,4
28/07/2006,-4.075473803,9.129063132,1
29/07/2006,8.602303243,3.09812444,2
30/07/2006,1.379958313,7.678244254,3
31/07/2006,10.14418454,5.649816648,4
01/08/2006,-5.034750085,1.86189515,1
02/08/2006,-5.005164513,7.627604932,2
03/08/2006,2.559065372,4.044614199,3
04/08/2006,10.05094193,2.444416678,4
05/08/2006,-9.883314891,11.01698211,1
06/08/2006,-0.974043767,10.27919977,2
07/08/2006,5.036875446,9.742382255,3
08/08/2006,-2.761896974,8.084221805,4
09/08/2006,1.137051169,8.921138712,1
10/08/2006,2.270187159,7.716141236,2
11/08/2006,-4.627027002,4.731644067,3
12/08/2006,4.377940481,11.43193434,4
13/08/2006,14.11689068,6.059158323,1
14/08/2006,10.99729043,5.402000881,2
15/08/2006,11.28179596,1.677217869,3
16/08/2006,-6.34552259,5.867921073,4
17/08/2006,-9.015015511,6.521364856,1
18/08/2006,6.162511885,1.44489589,2
19/08/2006,12.75791637,8.31238025,3
20/08/2006,11.10990208,3.623875659,4
21/08/2006,6.76564205,6.601472865,1
22/08/2006,13.89183792,5.656346646,2
23/08/2006,7.599755,7.399996753,3
24/08/2006,-13.92284782,7.982368604,4
25/08/2006,-9.879044942,0.102389185,1
26/08/2006,8.434394184,1.536455284,2
27/08/2006,-0.651017006,7.751109646,3
28/08/2006,-9.664188706,9.596016093,4
29/08/2006,9.653986491,4.702411691,1
30/08/2006,19.46700116,9.159154883,2
31/08/2006,7.175212926,1.310041274,3
01/09/2006,-13.9017706,1.796572756,4
02/09/2006,5.63695304,4.826494625,1
03/09/2006,-6.162731169,5.194442748,2
04/09/2006,1.362370623,7.277874599,3
05/09/2006,15.8439049,9.17259343,4
06/09/2006,6.959656301,2.146434635,1
07/09/2006,5.107525741,4.620716951,2
08/09/2006,5.803483408,6.432606988,3
09/09/2006,-1.988603149,8.236670784,4
10/09/2006,-0.558133305,1.508286121,1
11/09/2006,2.079306899,6.349998219,2
12/09/2006,-11.24031314,1.767184983,3
13/09/2006,21.81096314,1.333830068,4
14/09/2006,3.012757431,12.20943066,1
15/09/2006,-13.97673452,3.131025185,2
16/09/2006,4.936081362,9.873970171,3
17/09/2006,13.23592094,10.34322148,4
18/09/2006,6.747582142,0.722704176,1
19/09/2006,12.51743991,11.1578483,2
20/09/2006,4.039916888,5.136870369,3
21/09/2006,0.292072587,0.293189256,4
22/09/2006,18.9128713,6.985003036,1
23/09/2006,-3.926441736,12.36783493,2
24/09/2006,-3.899404232,4.797438826,3
25/09/2006,6.931091914,7.413797148,4
26/09/2006,5.049119889,10.92058622,1
27/09/2006,1.729408996,6.757983536,2
28/09/2006,9.159917373,12.49885557,3
29/09/2006,7.471345696,10.47054239,4
30/09/2006,10.96713441,3.558309912,1
01/10/2006,2.930428458,8.218208152,2
02/10/2006,-13.56326026,10.13100634,3
03/10/2006,5.499703478,9.675481194,4
04/10/2006,4.331469261,10.98372633,1
05/10/2006,-5.777494096,9.428971789,2
06/10/2006,-2.147634194,8.319709833,3
07/10/2006,11.36082416,5.514719908,4
08/10/2006,-13.38088592,8.613981487,1
09/10/2006,5.995116095,6.363990201,2
10/10/2006,-3.058022784,11.25767281,3
11/10/2006,-7.035785362,10.58486714,4
12/10/2006,-3.755187356,6.933822295,1
13/10/2006,-5.151017332,6.057495862,2
14/10/2006,3.945398883,0.30296047,3
15/10/2006,-0.501144476,5.413533322,4
16/10/2006,8.004514359,8.50905042,1
17/10/2006,-6.800162381,6.778940955,2
18/10/2006,2.749291656,1.251259095,3
19/10/2006,6.311421816,7.238616553,4
20/10/2006,6.870174977,3.418182613,1
21/10/2006,10.80126873,7.648230088,2
22/10/2006,3.132641366,5.127701135,3
23/10/2006,-4.265898078,3.341985675,4
24/10/2006,9.093695381,0.213964153,1
25/10/2006,4.995675921,6.266495622,2
26/10/2006,4.709075332,5.403644566,3
27/10/2006,-0.80548494,3.889225885,4
28/10/2006,-0.97462854,10.27799023,1
29/10/2006,-9.346489362,0.559324404,2
30/10/2006,4.510976424,3.373825623,3
31/10/2006,-6.969924239,6.837365667,4
01/11/2006,0.985599869,0.86746858,1
02/11/2006,14.90355488,10.53027334,2
03/11/2006,14.23796297,4.824103318,3
04/11/2006,5.711825221,2.986486262,4
05/11/2006,11.4616002,3.582035184,1
06/11/2006,2.167652737,10.23422639,2
07/11/2006,-0.885579351,7.868953446,3
08/11/2006,-7.897896726,3.544196393,4
09/11/2006,13.90551007,3.379009562,1
10/11/2006,13.25429703,10.93464573,2
11/11/2006,-4.325220442,3.055852225,3
12/11/2006,-8.75169802,4.829588891,4
13/11/2006,-9.156284794,8.09236571,1
14/11/2006,7.556958998,3.220562467,2
15/11/2006,4.357853084,8.728476322,3
16/11/2006,3.187732188,10.79222752,4
17/11/2006,-12.36506406,11.05479026,1
18/11/2006,-11.16371731,1.917607485,2
19/11/2006,13.71523947,10.83663155,3
20/11/2006,-2.289000516,1.696396496,4
21/11/2006,-3.762376122,3.239024014,1
22/11/2006,0.045252829,5.253012639,2
23/11/2006,-20.12602219,10.3404277,3
24/11/2006,14.27016072,2.176035622,4
25/11/2006,-4.304631327,1.171756235,1
26/11/2006,-16.88542799,10.15679291,2
27/11/2006,1.11242771,7.129243452,3
28/11/2006,-2.328902853,5.07233624,4
29/11/2006,8.290949719,0.296600641,1
30/11/2006,2.682030271,0.203473645,2
01/12/2006,7.403124117,8.31297997,3
02/12/2006,-2.065899285,8.036045358,4
03/12/2006,17.82126599,1.790473545,1
04/12/2006,-4.527557413,4.68798561,2
05/12/2006,3.21884385,5.952822918,3
06/12/2006,-0.512979149,3.041967279,4
07/12/2006,13.52721663,7.690825398,1
08/12/2006,10.71281146,7.570122123,2
09/12/2006,-0.678367139,0.845324025,3
10/12/2006,-4.88439861,10.46272152,4
11/12/2006,3.072108726,10.31424454,1
12/12/2006,4.620812696,10.38495557,2
13/12/2006,-1.879071817,10.92412541,3
14/12/2006,4.712050436,5.645659317,4
15/12/2006,-2.528278585,7.706995317,1
16/12/2006,-3.187967087,9.629109311,2
17/12/2006,0.820876206,1.371039865,3
18/12/2006,-10.99994399,3.005525653,4
19/12/2006,-11.51140018,0.870506326,1
20/12/2006,15.14394732,1.404420957,2
21/12/2006,8.544182388,0.839348532,3
22/12/2006,-6.740819637,11.68813451,4
23/12/2006,18.90498249,4.145179195,1
24/12/2006,9.424804884,NA,2
25/12/2006,3.774171886,NA,3
26/12/2006,7.343596969,5.531041657,4
27/12/2006,7.161296156,8.070727389,1
28/12/2006,6.968062565,11.33594847,2
29/12/2006,8.220220413,9.954284705,3
30/12/2006,-12.14970568,8.734584896,4
31/12/2006,-6.541495216,3.821072279,1
